{"epoch": 72, "step": 104, "train_loss": 1.3217, "_timestamp": 1745968855.310326, "_runtime": 857.310612586, "_step": 103}